stream_id,user_id,song_id,stream_date,stream_duration,location
1,179,66,2024-08-05 05:58:06.712976,130,North Duane
2,1460,35,2024-04-24 04:02:50.209425,232,Port Reginaldburgh
3,1416,85,2024-08-18 02:04:11.163851,276,South Curtiston
4,1196,95,2024-01-22 04:40:48.546070,55,East David
5,1761,43,2024-04-25 09:01:49.541176,55,South Jesus
6,789,64,2024-06-22 03:04:59.682890,229,North Jilltown
7,381,57,2024-01-05 20:08:49.731396,161,Parkerfort
8,1272,35,2024-01-06 00:17:12.751676,40,Bergerstad
9,1880,20,2024-01-20 08:30:21.174867,168,Youngland
10,593,16,2024-08-26 07:42:19.693830,295,Port Angelmouth
11,92,64,2024-04-30 10:53:25.935853,224,Katrinaland
12,1605,62,2024-03-23 16:38:59.054596,181,Keithtown
13,565,93,2024-01-24 02:04:26.870887,244,Seanchester
14,1957,37,2024-03-01 17:08:43.846051,97,Laraport
15,1506,57,2024-07-22 17:54:48.488764,238,South Tinaburgh
16,1044,28,2024-08-18 12:30:49.788928,82,West Lynnhaven
17,708,44,2024-02-29 13:13:42.775777,232,Marcstad
18,909,61,2024-04-01 23:40:52.485908,61,Port Richard
19,1342,83,2024-05-09 14:42:02.118727,174,Walterburgh
20,1231,29,2024-08-30 11:02:28.918878,263,Johnsonshire
21,1011,49,2024-02-27 15:47:03.729415,149,Jasonhaven
22,1827,70,2024-06-16 03:51:36.363859,163,Davidhaven
23,76,25,2024-07-31 19:47:18.338500,279,Annetteberg
24,944,58,2024-02-04 05:41:46.797443,183,Ashleymouth
25,165,38,2024-05-24 16:08:54.925211,154,Lake Dawn
26,576,91,2024-04-04 05:01:45.219505,70,New Ian
27,892,30,2024-01-27 16:14:58.932960,68,Amybury
28,508,33,2024-01-18 04:00:50.986800,169,New Mary
29,1430,52,2024-03-14 08:56:11.305740,224,North Stephanie
30,1214,80,2024-04-11 08:17:40.933816,182,Port Haleyshire
31,525,1,2024-03-22 21:55:23.932166,177,Wilsonland
32,1743,28,2024-09-02 16:31:53.810677,31,New Douglas
33,463,42,2024-04-29 15:38:37.167448,101,Kelseyfurt
34,1228,99,2024-04-10 06:23:54.089303,89,North Kyle
35,1097,74,2024-08-24 23:07:07.147940,209,North William
36,203,17,2024-07-14 11:47:24.280540,231,South Michelle
37,621,7,2024-05-07 11:37:32.209391,125,East Valerieport
38,1743,85,2024-05-01 12:03:21.498937,86,Lake Hannah
39,388,8,2024-03-28 08:54:35.463738,236,South Barbarastad
40,466,61,2024-08-17 10:01:01.528586,106,Port Joshuaberg
41,568,93,2024-08-11 07:16:54.132642,112,Deborahhaven
42,1231,38,2024-06-22 12:43:22.197397,277,New Kathleen
43,943,24,2024-04-26 08:21:34.308038,219,East Elizabethshire
44,341,63,2024-02-21 16:29:46.431260,261,Davilaville
45,1564,28,2024-06-15 08:05:48.641270,110,Gregoryview
46,332,52,2024-02-16 00:03:20.530418,157,South Anaton
47,1004,1,2024-06-26 06:59:59.722498,213,South Kenneth
48,1301,95,2024-07-16 19:35:04.025066,78,Hudsonfort
49,1203,49,2024-03-20 03:14:00.815737,157,East Jacobfort
50,1887,22,2024-08-11 10:16:33.018935,263,Pricechester
51,656,54,2024-05-16 20:23:39.204339,245,Robinsonville
52,1057,9,2024-04-27 18:57:22.565459,255,Middletonshire
53,53,52,2024-04-05 08:10:21.959934,131,Williamsville
54,970,25,2024-07-08 06:42:19.577880,64,East Michael
55,661,98,2024-04-11 14:58:48.411604,212,West Michaelview
56,1840,34,2024-01-25 23:51:40.070873,238,Christinamouth
57,1039,57,2024-02-15 03:48:37.286442,157,Carlosstad
58,1520,25,2024-02-21 13:11:01.386604,108,South Taraside
59,32,23,2024-02-16 18:22:04.792255,178,Jermainemouth
60,1413,17,2024-03-13 02:42:27.775121,63,Port Michaelshire
61,1949,96,2024-01-02 06:44:36.184083,281,Annaside
62,487,81,2024-05-25 05:33:28.159235,270,East Jefferyberg
63,204,73,2024-06-13 21:25:53.826741,258,North Kristinaview
64,1990,77,2024-02-18 23:24:37.538918,150,Jacksontown
65,185,23,2024-02-28 21:54:59.614621,170,New Davidmouth
66,1865,4,2024-06-05 18:13:37.488203,119,Holmeston
67,1267,5,2024-01-10 16:01:52.875734,221,Jerrymouth
68,1430,46,2024-03-16 01:34:40.791145,60,Moorebury
69,1419,79,2024-07-08 07:36:08.358810,63,Port Sara
70,724,63,2024-04-04 03:26:23.159016,126,New Joseph
71,1358,72,2024-01-08 19:12:48.628970,153,Hillborough
72,99,10,2024-03-02 23:05:55.064442,67,West Darren
73,405,93,2024-08-08 09:19:31.088668,131,Smithchester
74,596,95,2024-07-30 08:22:54.103270,183,Ethanstad
75,1163,83,2024-04-29 08:47:24.549708,238,Michaelstad
76,646,78,2024-01-03 03:10:35.039787,38,Jeromefurt
77,30,100,2024-01-09 08:10:56.862046,300,Sandrashire
78,345,92,2024-07-02 00:57:09.274301,50,North Darrenport
79,1259,53,2024-05-07 13:03:21.700073,149,Williamport
80,1527,69,2024-08-10 00:41:40.489576,81,East Lynn
81,1517,84,2024-03-05 04:10:13.577015,288,Lake Barbarabury
82,581,74,2024-03-17 18:17:25.080621,34,Port Rebeccaland
83,292,64,2024-04-27 14:33:28.058222,30,Rodriguezborough
84,433,91,2024-07-20 00:05:18.447299,244,Dianeport
85,42,10,2024-04-01 02:37:05.876418,149,Rayburgh
86,1771,29,2024-01-27 20:56:41.868797,268,Lake Steven
87,1189,54,2024-07-13 11:02:06.878454,230,Mariaberg
88,532,33,2024-05-29 17:47:48.692267,235,Lake Jaime
89,1954,93,2024-06-02 01:55:22.457896,246,Jamesport
90,1632,59,2024-08-15 15:22:00.139002,43,Lake Michelleberg
91,1477,66,2024-03-17 16:41:03.108103,289,Lozanomouth
92,703,73,2024-06-30 04:27:54.639038,177,Christianview
93,1188,30,2024-03-07 13:39:26.374243,219,North Brian
94,203,89,2024-05-02 04:39:56.893303,281,South Christopher
95,1413,86,2024-01-30 20:31:09.501536,193,Brownton
96,1411,19,2024-02-26 08:35:34.117076,130,Port Keith
97,549,46,2024-05-24 04:36:23.740964,37,New Kevin
98,836,96,2024-07-04 20:51:23.476377,146,Thomasfurt
99,185,36,2024-08-20 00:37:21.475591,194,New Brandonstad
100,1970,74,2024-08-15 06:05:34.886036,31,Jasonport
101,629,34,2024-06-28 13:29:25.724063,200,Anthonyfort
102,837,33,2024-02-08 02:57:39.703839,259,Floreston
103,1769,22,2024-08-19 15:44:46.718469,45,South Diana
104,445,27,2024-03-01 08:22:37.605373,120,Sheliafurt
105,1930,93,2024-09-01 16:17:00.536889,82,North Johnton
106,373,9,2024-07-29 00:00:14.186388,134,Lake Michael
107,473,8,2024-05-08 16:17:25.555533,280,Alejandromouth
108,780,8,2024-01-05 06:11:56.810549,275,Gonzalezberg
109,317,87,2024-01-17 08:02:20.346581,265,New Oscarmouth
110,1905,63,2024-05-29 12:12:21.156981,216,Bridgesside
111,343,36,2024-07-30 00:22:29.557729,63,North Matthew
112,1835,65,2024-07-13 17:28:00.555743,181,Daniellehaven
113,1265,54,2024-05-31 04:56:35.907221,254,Lake Derrickview
114,665,37,2024-01-04 00:04:50.690604,188,Mariahaven
115,1763,99,2024-04-24 08:04:02.016491,113,South Jamiemouth
116,561,57,2024-06-23 06:30:43.667266,180,Brooksfurt
117,663,14,2024-04-10 00:36:41.745365,247,Smithland
118,664,69,2024-01-22 20:17:04.006984,239,East Anthonyborough
119,742,5,2024-02-24 22:52:02.809443,178,Rebeccabury
120,1985,45,2024-07-13 05:10:03.951459,80,Melissamouth
121,1916,86,2024-07-03 17:48:50.563230,270,Scotttown
122,101,86,2024-06-22 12:52:37.948605,252,South Danashire
123,1272,75,2024-01-29 16:00:16.908908,191,North Morganmouth
124,400,57,2024-04-12 23:33:43.079638,106,Guzmanchester
125,1459,76,2024-03-22 23:21:43.787850,291,Peggyshire
126,821,4,2024-02-16 15:26:06.221282,40,North Pamela
127,65,59,2024-05-08 23:31:56.724048,173,West Bruceville
128,1385,63,2024-02-26 19:00:58.497268,154,Port Cody
129,758,42,2024-01-13 20:07:40.322824,131,South Emilyview
130,1536,58,2024-07-13 21:24:14.529306,292,Terrenceville
131,1186,10,2024-05-26 21:14:55.085487,31,Kingview
132,51,25,2024-03-29 07:08:32.392245,264,Coopershire
133,1889,40,2024-07-05 09:04:31.132710,65,Phillipston
134,600,75,2024-06-03 22:03:39.143800,177,Alyssaborough
135,1127,42,2024-01-24 00:20:45.872388,192,Hutchinsonview
136,397,25,2024-03-31 12:40:29.944076,245,Schmittview
137,1712,50,2024-08-30 01:14:14.604357,204,Michellemouth
138,1928,36,2024-07-23 08:27:21.201282,64,East Aliciaport
139,1060,4,2024-03-19 06:24:51.422656,43,Spencerport
140,1733,30,2024-07-06 19:17:25.959812,287,Port Lisa
141,1937,3,2024-03-10 03:15:04.280695,215,New Michael
142,847,42,2024-04-12 18:50:21.272898,225,South Williamshire
143,1304,20,2024-07-02 03:13:25.704544,31,Robinsonside
144,988,30,2024-07-30 15:40:40.083272,205,Wrightmouth
145,1415,8,2024-02-02 22:36:36.840539,160,Annashire
146,1280,71,2024-03-07 07:22:50.803287,67,Lake Donnaberg
147,902,83,2024-03-10 00:41:14.981886,205,East Williamport
148,595,68,2024-04-06 06:19:48.948724,138,Williamsport
149,1325,88,2024-02-13 19:15:37.359615,235,Changton
150,1201,17,2024-08-12 10:49:41.267004,57,Brittanyshire
151,311,37,2024-01-18 19:52:22.051887,250,Garciaside
152,1744,59,2024-04-19 04:09:09.852080,104,Shawnamouth
153,30,8,2024-07-27 19:15:04.574644,151,Scotthaven
154,1802,43,2024-03-01 01:19:18.521508,70,North Dylan
155,820,93,2024-03-26 14:29:47.572385,140,East Melissaland
156,1530,97,2024-07-11 00:00:49.048185,76,North Catherinemouth
157,393,62,2024-06-27 12:51:56.886803,264,Lake Kathrynside
158,158,13,2024-03-27 15:04:41.549382,243,Trujilloside
159,964,44,2024-03-30 18:01:23.241090,143,Chapmanfurt
160,1917,35,2024-08-04 23:54:35.970421,98,North Shannon
161,486,38,2024-08-30 17:22:52.488197,63,West Gabrielastad
162,688,52,2024-02-01 22:28:12.681959,297,East Michaelborough
163,1624,30,2024-01-05 10:55:00.399795,238,Lake Benjaminmouth
164,212,55,2024-02-24 01:12:59.048284,53,Lake Nicole
165,1268,43,2024-07-01 07:31:45.461075,221,Dunnborough
166,401,48,2024-08-04 15:45:59.890638,227,New Bradley
167,1750,49,2024-08-02 01:25:07.078631,108,Port Colleentown
168,933,31,2024-08-16 10:43:26.081252,279,Derrickberg
169,1204,50,2024-08-12 03:57:40.075428,124,Popemouth
170,1350,10,2024-07-30 03:28:11.621388,142,West Sandramouth
171,440,74,2024-05-13 19:50:44.434434,207,Dianefort
172,120,61,2024-06-18 21:51:41.026460,41,Ianton
173,845,43,2024-03-20 01:56:23.003075,56,South Jeremy
174,1686,81,2024-06-20 18:04:25.714510,127,Cherylfurt
175,157,7,2024-03-13 22:07:59.597386,229,Jacksonborough
176,875,92,2024-02-23 23:45:08.096726,281,North Joseph
177,427,74,2024-07-19 00:58:24.122484,165,Williambury
178,142,2,2024-06-18 01:40:54.085436,290,Cannonshire
179,1464,57,2024-06-20 22:08:03.005708,159,Lake Donnaville
180,877,84,2024-07-28 06:31:23.056928,175,Barnettborough
181,225,89,2024-05-21 11:55:29.034228,32,Lake Nicolebury
182,695,90,2024-04-12 06:29:05.614411,109,Christinashire
183,1483,16,2024-07-06 00:48:14.886960,273,Lake Maria
184,780,77,2024-08-22 09:58:36.387163,84,Phillipsfurt
185,451,96,2024-07-08 17:32:44.429948,255,Mollyport
186,965,34,2024-03-06 20:12:03.334453,77,West Rodney
187,1887,44,2024-06-18 13:16:16.006481,78,West Ericport
188,1301,53,2024-06-01 08:36:33.777175,126,New Vanessaland
189,350,18,2024-05-05 17:53:40.345151,34,Collinsbury
190,1812,56,2024-01-25 13:17:48.673739,190,East Reginaview
191,271,34,2024-02-22 23:12:25.070434,286,East Mark
192,376,32,2024-01-15 03:39:42.776042,171,West Valeriechester
193,927,57,2024-04-03 22:40:42.248334,193,Alexanderville
194,1175,50,2024-04-03 08:03:37.026692,122,New Jessica
195,489,7,2024-07-24 09:06:54.266425,118,South Bryanton
196,871,56,2024-04-13 14:22:21.648575,208,Randolphchester
197,1203,52,2024-03-18 03:51:48.258245,192,Johnsonburgh
198,1742,49,2024-08-27 07:41:47.346896,148,Jeffreyshire
199,1535,100,2024-06-14 03:04:01.711177,114,Rogerbury
200,590,97,2024-08-06 16:27:57.987478,154,East Dominic
201,320,48,2024-03-07 01:33:31.051560,274,South Richardport
202,1497,76,2024-04-16 07:00:27.922530,300,Dorseyberg
203,906,79,2024-07-27 10:32:19.207988,107,East Nathanhaven
204,1158,16,2024-03-26 11:57:40.010750,134,Port Lindafurt
205,694,53,2024-01-30 09:17:05.346349,282,Obrienchester
206,1820,97,2024-04-19 12:26:48.167966,138,Christopherland
207,1988,29,2024-06-18 12:34:01.087454,124,Jerrymouth
208,1571,41,2024-06-11 06:46:44.336488,171,Nathanhaven
209,241,94,2024-02-29 03:36:33.596700,146,Longfort
210,1185,68,2024-05-09 14:19:51.518692,126,Strongbury
211,273,74,2024-05-11 18:08:29.571319,282,New Ryan
212,12,89,2024-08-10 05:02:54.645634,75,Sandramouth
213,1891,6,2024-08-09 16:38:43.096523,105,New Chelsealand
214,1086,42,2024-03-31 09:58:51.968144,243,Port Michael
215,1128,72,2024-06-30 03:08:17.783818,52,Lake Suzanne
216,1962,55,2024-07-21 02:32:14.706409,249,Hutchinsonbury
217,327,44,2024-08-08 13:20:14.090933,203,New William
218,947,5,2024-03-07 08:58:43.000061,201,Lake David
219,1703,41,2024-04-14 23:15:14.221410,43,Allenshire
220,1042,23,2024-08-11 03:18:01.775615,30,Lambtown
221,1300,59,2024-03-29 00:06:23.070014,231,Reginatown
222,1158,100,2024-08-17 20:48:36.273171,36,West Roberthaven
223,304,24,2024-05-18 10:11:35.281805,58,Markside
224,336,86,2024-08-01 08:16:54.562984,255,New Amberhaven
225,911,78,2024-08-07 00:19:58.318583,287,North Ryan
226,1901,39,2024-03-27 10:52:46.925659,295,Port Barbaraberg
227,775,47,2024-04-27 10:26:53.463097,269,South Sheila
228,1864,48,2024-05-06 20:01:45.603454,190,North David
229,318,5,2024-05-03 14:36:18.100218,194,Davidtown
230,1614,12,2024-02-24 12:54:40.949427,33,Port Desiree
231,102,97,2024-08-20 08:32:03.362256,117,East Roberthaven
232,202,90,2024-07-30 18:06:34.135269,207,South Lisa
233,1332,24,2024-02-08 16:30:55.376382,276,Hernandezmouth
234,381,59,2024-08-10 18:39:27.411563,263,Port Holly
235,200,2,2024-04-20 03:51:03.527591,170,Port Danielle
236,1801,28,2024-06-17 05:29:21.319551,199,Maryfurt
237,1637,26,2024-04-02 16:14:13.739346,51,Douglasland
238,660,8,2024-04-14 20:39:14.096429,122,Mahoneyside
239,1349,80,2024-01-18 11:25:23.157692,121,Alvarezfurt
240,1532,73,2024-05-03 05:59:47.320630,251,Francisshire
241,1042,60,2024-07-03 08:35:36.159887,143,Colleenside
242,387,89,2024-05-10 00:56:40.719895,122,Lake Aprilside
243,1451,6,2024-07-03 07:44:55.644344,293,Michaelchester
244,896,1,2024-05-29 04:09:39.736091,35,Thomasmouth
245,704,50,2024-04-25 04:07:37.913474,228,Reidville
246,1912,79,2024-01-05 02:49:03.351339,175,Michellemouth
247,1432,60,2024-05-13 05:28:52.042101,177,Kennedyberg
248,1253,76,2024-06-23 10:21:55.859619,51,East Kenneth
249,481,1,2024-03-31 05:35:41.728773,152,East Melissamouth
250,697,87,2024-06-03 09:01:44.472973,37,Jacobtown
251,1636,10,2024-06-04 11:05:02.864507,175,Kimberlyport
252,928,14,2024-01-15 09:08:41.203962,227,Lake Victoria
253,1570,98,2024-08-28 19:55:47.787949,205,East Donaldview
254,808,77,2024-08-01 17:18:46.990943,45,Lake Deanna
255,1244,52,2024-03-31 12:16:05.619650,253,Floresmouth
256,1488,45,2024-05-16 15:12:08.027267,250,Joshuabury
257,760,40,2024-04-10 08:32:15.545110,173,Perezview
258,404,25,2024-04-28 08:36:26.909395,47,South Joseph
259,791,93,2024-05-25 00:29:13.038830,242,New Jamesport
260,1711,18,2024-01-22 09:28:34.057623,270,South Maryberg
261,149,75,2024-02-06 12:14:05.337731,69,West Jennifer
262,517,15,2024-07-12 00:43:30.332262,253,East Codyland
263,981,21,2024-03-14 15:43:00.892827,166,Port Isaacfurt
264,1188,76,2024-02-02 09:38:16.990267,228,South Ericland
265,203,37,2024-08-09 04:46:15.748953,223,Stevensonmouth
266,579,60,2024-03-26 11:57:45.725712,189,Jamesmouth
267,662,75,2024-01-26 07:56:10.327327,34,Autumnchester
268,1136,16,2024-04-19 01:29:25.509414,44,Cantuburgh
269,266,25,2024-05-11 15:30:05.358457,273,Dillonmouth
270,330,25,2024-08-29 07:49:29.343158,98,North Codyshire
271,1921,39,2024-01-26 10:16:58.891708,177,Virginiashire
272,665,93,2024-07-04 02:25:10.538280,196,Alexandraville
273,1037,98,2024-01-13 09:19:00.659117,92,Johnsonhaven
274,1524,80,2024-06-30 22:34:51.018620,163,Lake Patricia
275,423,95,2024-03-15 04:46:53.022924,272,Port Carrie
276,1615,91,2024-04-01 22:00:22.892843,247,West Alicestad
277,4,28,2024-04-24 08:01:47.171231,219,Dominicburgh
278,1633,99,2024-08-02 02:15:54.937244,153,Waltersberg
279,477,4,2024-03-01 21:36:10.464537,31,Port Brittanyberg
280,1677,80,2024-08-30 17:08:35.942654,30,East James
281,501,77,2024-07-16 22:50:16.320611,111,Leemouth
282,261,10,2024-03-27 01:11:48.444189,52,North Matthewbury
283,210,12,2024-08-21 10:55:43.547004,181,Port Randytown
284,1364,56,2024-07-19 02:06:45.148751,38,Donaldhaven
285,1365,30,2024-09-02 11:51:07.902940,58,East Brooke
286,932,57,2024-04-17 10:13:28.466687,249,East Susanport
287,761,86,2024-04-23 07:47:10.254894,293,Lake Dianaport
288,666,60,2024-08-31 06:27:12.882267,199,Terryview
289,257,20,2024-01-31 19:20:59.966516,78,Peggyburgh
290,1697,34,2024-04-14 02:21:19.517766,235,Gonzalezstad
291,819,96,2024-06-26 04:08:30.690488,137,South Barbara
292,1651,18,2024-05-26 22:37:25.282259,231,Lake Julie
293,489,91,2024-01-06 09:49:24.498017,194,Jillchester
294,1601,81,2024-06-18 11:48:35.747902,251,Port Heidi
295,1127,2,2024-03-14 11:51:21.321288,111,Youngbury
296,805,82,2024-05-10 22:49:27.167692,173,Brendanborough
297,602,37,2024-03-13 00:54:30.281977,167,West Ashleymouth
298,1508,28,2024-08-25 03:52:56.318590,146,Jamesmouth
299,1755,41,2024-06-19 00:22:06.666997,246,Davidmouth
300,1332,34,2024-03-23 16:35:21.572338,194,Amandaville
301,182,77,2024-04-06 08:02:03.322215,107,West Joseville
302,652,41,2024-06-25 04:51:03.711364,175,New Kyleland
303,1099,33,2024-08-07 09:16:36.733649,287,Jonesmouth
304,1848,6,2024-01-02 08:37:25.415921,41,Tammyborough
305,1097,31,2024-05-30 01:53:07.210499,71,Mathismouth
306,226,82,2024-05-02 19:21:55.653182,76,Beasleyview
307,1119,78,2024-05-01 11:52:18.096792,52,Michaelstad
308,393,94,2024-05-04 02:06:47.954129,37,East Josephbury
309,1993,84,2024-06-07 15:08:45.533534,162,New Alicialand
310,1191,17,2024-06-05 03:43:11.640028,216,East Amyfurt
311,540,89,2024-08-16 00:24:07.632097,104,Peterberg
312,711,2,2024-05-12 06:03:48.418298,261,Lake Timothy
313,13,86,2024-04-18 22:17:09.711661,257,South Christina
314,1819,97,2024-04-14 17:25:27.757800,208,West Joseph
315,1918,13,2024-04-24 17:38:47.951625,56,Lake Chris
316,1004,6,2024-03-16 10:09:51.428746,121,Sanchezbury
317,612,14,2024-03-30 05:10:05.576430,35,Kristintown
318,529,19,2024-03-07 13:18:22.755020,222,Port Diana
319,1247,77,2024-01-26 22:23:44.082807,297,North Keith
320,66,5,2024-06-29 20:10:34.962935,221,New Paulhaven
321,703,18,2024-08-02 02:13:07.561251,286,North Dianestad
322,1097,44,2024-01-29 04:55:21.682096,170,New Laura
323,1202,78,2024-08-21 04:04:01.793652,258,Kevinfort
324,498,70,2024-06-28 13:44:54.603385,138,East Nicholas
325,1757,89,2024-08-04 09:35:41.701026,64,Santosmouth
326,399,77,2024-02-03 08:25:50.350218,297,Christineberg
327,252,88,2024-04-06 21:51:08.349747,83,Port John
328,789,46,2024-08-01 08:39:18.237501,254,Nelsonland
329,1013,53,2024-01-12 00:42:55.588199,289,Jordanside
330,209,54,2024-05-10 08:44:16.857274,192,Dillonshire
331,312,79,2024-05-12 16:31:46.655949,108,Dustinchester
332,1029,28,2024-03-22 05:10:09.127536,135,Millerville
333,1965,56,2024-03-13 22:52:09.649616,221,New Abigail
334,73,99,2024-04-22 16:23:34.670888,83,Lake Warrenland
335,1759,48,2024-06-05 05:25:40.498041,72,Caseymouth
336,1868,23,2024-02-03 21:45:48.957731,113,Lauraburgh
337,1107,17,2024-06-26 01:54:21.599499,105,Valenzuelaview
338,836,100,2024-03-11 05:03:18.032908,294,New Christophermouth
339,393,39,2024-05-23 18:32:52.535449,83,Port Sarahtown
340,1754,17,2024-05-30 05:55:52.845551,255,East Sara
341,914,5,2024-03-21 16:51:40.184226,102,Jacksonmouth
342,9,65,2024-03-01 07:27:36.776315,202,Reneeburgh
343,1844,82,2024-07-09 15:16:44.076350,153,West Rebecca
344,971,2,2024-05-09 23:51:02.484146,34,Franceschester
345,163,56,2024-05-28 17:57:41.546475,227,Villanuevaside
346,1305,41,2024-04-29 08:36:04.852430,191,Sandraton
347,120,43,2024-02-15 01:40:40.561034,256,New Cherylton
348,1614,89,2024-01-01 19:39:29.206066,137,Durhamhaven
349,155,96,2024-08-12 07:11:59.056867,39,New Sydneyland
350,534,85,2024-03-20 20:42:48.419433,160,Nguyenside
351,428,77,2024-03-18 23:58:44.743358,241,West Helenfort
352,936,58,2024-04-17 16:33:33.178383,60,West Peter
353,885,76,2024-01-21 21:25:55.370569,132,Donchester
354,815,28,2024-05-03 21:23:11.282098,297,Simmonsmouth
355,198,39,2024-02-12 01:37:05.451258,76,Ayalahaven
356,1954,32,2024-04-29 15:20:53.981248,99,West Cory
357,219,93,2024-03-29 23:30:17.039899,245,Deborahside
358,1749,55,2024-02-08 09:05:22.934229,58,Stewartfurt
359,161,7,2024-03-28 05:52:40.943563,256,East Donald
360,911,80,2024-05-10 02:06:43.853051,277,Maryport
361,1726,94,2024-07-30 08:12:38.516013,52,South April
362,1075,74,2024-05-16 05:13:00.303564,297,Johnstonburgh
363,790,35,2024-08-17 20:24:07.949262,41,Holttown
364,1921,86,2024-01-19 00:43:49.803574,156,Stewartberg
365,1584,82,2024-08-25 03:23:41.478725,131,West Marthabury
366,1058,35,2024-02-23 11:40:00.028380,190,South Heidi
367,139,77,2024-05-14 18:19:34.010737,244,Catherinehaven
368,1409,12,2024-08-16 05:45:05.656457,199,Kimberlyland
369,1914,71,2024-04-24 09:04:50.536577,169,Barreraberg
370,1028,38,2024-06-22 11:48:16.749836,172,Reneetown
371,1992,49,2024-06-09 05:03:46.353872,110,South Michael
372,28,64,2024-07-26 19:04:45.051372,153,Bennettland
373,1512,75,2024-06-10 01:45:02.069595,53,Johnside
374,84,68,2024-01-13 03:37:12.142407,173,Bradfordville
375,1119,83,2024-06-22 08:24:34.590024,98,Ruizfort
376,1564,60,2024-07-04 00:02:27.844051,268,West Michael
377,601,70,2024-03-27 05:12:41.828750,193,Nguyenchester
378,1701,100,2024-04-26 05:23:02.511860,99,New Mirandachester
379,1253,63,2024-01-23 03:11:14.631377,74,Douglaschester
380,1725,52,2024-06-05 23:47:47.421385,112,New Kelseyshire
381,1885,64,2024-07-20 05:03:16.372828,42,Williamsview
382,1873,76,2024-01-16 16:08:29.029588,235,South Rebecca
383,257,52,2024-02-04 01:05:47.331531,65,Johnsonmouth
384,1789,69,2024-04-27 13:32:07.249413,296,Mcdowellbury
385,1095,31,2024-03-24 04:18:28.109909,67,North Michaelland
386,171,3,2024-01-29 04:41:27.783073,75,Kellyburgh
387,1605,8,2024-07-30 22:38:12.199984,215,Cervantesview
388,1196,66,2024-02-25 09:54:13.261040,115,East Jaredside
389,1927,17,2024-05-19 20:36:38.523561,100,Tuckerchester
390,950,57,2024-04-26 01:26:26.007948,124,Bradleyville
391,1956,97,2024-08-31 11:41:18.078332,113,Johnsonborough
392,1998,82,2024-05-07 18:41:30.400884,161,Thompsonhaven
393,1860,36,2024-02-02 05:06:57.296670,178,Port Brandon
394,1520,73,2024-02-15 23:41:19.148268,185,Wesleyport
395,990,31,2024-06-07 16:46:06.189838,203,South Bobbyton
396,693,26,2024-03-05 20:16:38.612471,68,East Nicole
397,1850,56,2024-07-18 14:41:01.934035,232,Williamsonfurt
398,1662,1,2024-03-28 15:42:40.118510,281,South Rebeccafurt
399,1258,97,2024-03-13 13:02:59.086976,233,Kevinport
400,19,24,2024-04-18 18:17:29.299824,82,Donnaview
401,1910,6,2024-04-20 21:34:47.709164,229,Christopherchester
402,574,69,2024-08-31 02:37:14.161719,83,South Sarah
403,1339,95,2024-04-26 16:16:05.803052,83,New Ericaport
404,879,5,2024-08-04 02:08:32.796349,233,Leefurt
405,1495,84,2024-03-08 03:50:31.097203,150,Robertstad
406,16,26,2024-04-02 06:29:23.941838,196,Port Andrewberg
407,1433,62,2024-06-01 16:23:48.472915,152,West Nicholas
408,538,7,2024-06-14 18:10:28.590013,169,Josephton
409,1048,33,2024-08-27 19:33:18.803751,155,East Richard
410,1702,96,2024-08-16 19:44:56.698885,273,Hollyton
411,284,83,2024-01-14 06:28:58.857742,111,South Jessica
412,1458,76,2024-03-06 16:12:39.841598,150,South Jessica
413,772,94,2024-03-11 16:57:28.987954,299,Ernestport
414,1067,58,2024-08-26 07:24:52.375333,300,Teresaburgh
415,1344,70,2024-06-09 08:00:30.559421,199,Annfurt
416,657,71,2024-06-04 15:11:24.694607,111,Orozcostad
417,683,49,2024-08-25 15:50:55.410728,67,Patrickfurt
418,1246,61,2024-01-07 12:26:56.762431,270,Krystalmouth
419,378,12,2024-08-24 18:59:03.288248,110,North Melindashire
420,1340,84,2024-05-19 10:21:57.064214,120,East Jordan
421,223,18,2024-05-25 01:21:46.055654,184,Rosariohaven
422,1835,5,2024-01-29 06:13:54.895295,121,Michelleton
423,1311,43,2024-07-12 00:52:39.507532,270,South Samantha
424,898,92,2024-02-08 02:22:57.898997,74,Fergusonbury
425,1588,69,2024-06-19 10:37:03.409763,37,Joneshaven
426,264,87,2024-02-20 02:27:07.261138,79,Bensonhaven
427,938,81,2024-03-27 00:26:16.044141,32,Travisview
428,1053,34,2024-03-20 18:15:16.977494,199,Jasonland
429,1075,1,2024-08-10 01:38:34.654945,78,Christineville
430,1071,13,2024-08-29 05:18:30.374800,204,Lake William
431,1068,70,2024-06-18 07:33:33.449419,140,Port Barbaratown
432,1943,1,2024-05-23 20:09:07.370154,80,Kathleenton
433,1542,31,2024-02-28 12:08:52.529507,216,Stevenborough
434,991,58,2024-04-30 10:55:46.321541,182,Kennethchester
435,1548,33,2024-01-15 10:06:30.546354,83,Ashleymouth
436,144,11,2024-06-14 18:21:15.635401,184,Hallside
437,17,85,2024-03-17 18:42:32.204646,261,New Derek
438,438,32,2024-04-03 10:12:16.480783,137,New Jack
439,335,11,2024-07-24 15:03:01.178999,140,Raymondchester
440,233,46,2024-07-29 11:01:58.990980,67,Lake Brittanyshire
441,133,68,2024-06-18 01:40:53.643199,120,Hernandezville
442,1309,26,2024-02-09 17:25:59.612924,245,Georgeberg
443,516,76,2024-04-05 12:24:57.835661,113,Wangside
444,1604,85,2024-07-23 06:24:21.888467,236,North Danielview
445,1821,76,2024-01-01 08:35:10.141399,137,North Joseph
446,1884,98,2024-03-14 08:15:37.062047,189,West Vickie
447,1371,67,2024-03-30 09:16:31.477727,174,Port Josemouth
448,1968,53,2024-08-23 04:29:57.049384,280,West Steven
449,1455,55,2024-03-30 02:06:55.151739,136,Lake Dustin
450,1041,98,2024-05-25 07:27:51.419051,154,Lake Mario
451,901,74,2024-01-07 07:11:27.585776,235,South James
452,963,17,2024-08-16 17:42:16.536646,124,Leontown
453,1415,78,2024-04-07 16:33:09.225971,292,Dawsonmouth
454,1866,84,2024-08-12 11:09:47.766639,179,North Gregoryside
455,1350,75,2024-07-12 23:38:38.421579,97,Romerohaven
456,1099,85,2024-04-25 04:06:31.366820,54,Christinestad
457,1001,57,2024-07-29 07:18:55.219483,44,Kimberlychester
458,1754,66,2024-03-27 05:08:17.111787,240,South Ricardostad
459,1800,78,2024-05-07 03:54:34.972695,111,Oliverhaven
460,39,2,2024-03-16 20:48:25.327519,162,New Rickville
461,655,28,2024-08-17 14:49:33.775532,98,Lindafurt
462,500,43,2024-08-11 11:35:01.296086,183,Stephenfurt
463,1142,73,2024-04-30 20:49:16.748613,203,South Rebeccaville
464,421,23,2024-08-30 11:52:25.142849,171,New Jennifermouth
465,284,99,2024-03-20 17:46:05.461389,147,New Mercedes
466,398,16,2024-05-17 10:40:51.543778,81,West Christopher
467,507,1,2024-03-26 05:53:04.546275,44,Richardville
468,860,58,2024-03-16 06:49:51.442855,213,Millerton
469,951,35,2024-07-29 02:51:07.703424,119,Caldwellmouth
470,1512,66,2024-03-08 23:40:23.220679,142,Lake Jamesburgh
471,84,69,2024-08-12 07:49:31.388599,61,Virginiaville
472,202,61,2024-02-24 10:15:57.026059,248,Collinsmouth
473,1986,61,2024-01-27 07:35:01.268120,251,North Elaine
474,519,82,2024-05-12 19:23:27.349919,166,South Steven
475,119,30,2024-06-30 17:10:17.180324,133,Danielfurt
476,1799,78,2024-04-13 20:25:04.864221,91,North Loriton
477,1598,97,2024-03-18 01:55:33.632510,278,South Jayport
478,1642,83,2024-08-23 05:41:32.518348,77,East Tammyshire
479,293,2,2024-07-29 07:49:54.656600,139,Lake Andrew
480,1020,69,2024-03-11 15:58:53.978277,115,Boltonborough
481,1802,74,2024-07-08 21:04:13.634101,73,Virginiachester
482,660,66,2024-07-17 09:01:17.049711,113,Stoneton
483,331,72,2024-06-23 20:31:31.975197,177,Lucashaven
484,1988,99,2024-05-18 23:44:41.186469,282,Georgeport
485,965,28,2024-07-15 05:23:23.215254,181,Rosalesfort
486,366,53,2024-04-26 12:55:54.072122,44,Mcguirefort
487,1806,24,2024-01-15 06:05:59.137655,233,East Kristaville
488,1197,63,2024-08-16 17:15:30.380857,283,East Andrewtown
489,1386,22,2024-06-12 19:52:20.441264,285,North Lisa
490,124,85,2024-02-08 16:14:07.348419,269,North Emilymouth
491,988,4,2024-05-17 23:41:50.491356,276,South Scottshire
492,1401,47,2024-04-20 06:15:13.807353,221,South Patriciashire
493,1409,77,2024-08-23 01:50:48.970511,238,Bradleyton
494,1866,85,2024-06-18 21:39:23.749980,138,Jasonbury
495,348,44,2024-08-25 08:14:37.212405,156,New Benjamintown
496,978,51,2024-07-31 22:24:59.235178,166,Allenville
497,630,67,2024-07-09 07:21:19.931572,285,Benitezchester
498,726,37,2024-06-27 19:40:17.886565,130,Lake Kristashire
499,891,87,2024-02-23 09:33:28.061849,80,East Laura
500,400,89,2024-07-25 16:44:00.191148,265,Michaelmouth
501,1377,42,2024-05-27 07:42:26.022640,204,North Richardmouth
502,1264,30,2024-05-08 17:18:30.812816,260,New Alicia
503,1942,25,2024-07-08 01:56:03.342514,241,Garrettbury
504,722,96,2024-01-07 04:44:09.157091,39,Cuevashaven
505,1183,5,2024-03-03 11:35:38.239361,127,Annaland
506,1924,52,2024-03-31 05:05:20.705359,171,Danielchester
507,1452,3,2024-07-15 11:08:07.520538,123,Lake Phyllis
508,1937,44,2024-05-25 13:58:35.269501,168,Lake Frankview
509,1684,66,2024-05-27 19:21:18.481802,138,New Evelynburgh
510,1227,56,2024-06-07 06:24:10.019053,252,West Joe
511,705,52,2024-08-18 12:53:51.413122,220,North Josephmouth
512,64,84,2024-03-08 03:03:22.328325,270,Mariamouth
513,1414,50,2024-05-23 00:21:54.628731,195,Thomasmouth
514,945,6,2024-08-28 04:23:47.069759,204,South John
515,1420,91,2024-08-06 21:44:06.532874,265,Angelicastad
516,1603,34,2024-08-09 18:02:50.984187,49,New Aliciachester
517,1532,66,2024-07-10 01:20:46.724339,109,East Michelleland
518,30,90,2024-08-02 18:44:12.956285,246,West Jocelynburgh
519,1244,67,2024-04-26 20:47:42.197700,119,South Johnview
520,1313,39,2024-03-04 02:26:45.269995,164,Lauraport
521,1440,11,2024-05-11 23:54:58.026397,218,West Jamestown
522,1073,86,2024-02-29 16:03:22.954967,283,West Travis
523,600,95,2024-08-23 16:27:55.357101,161,Dorseyhaven
524,1309,16,2024-04-05 03:36:37.302685,214,East Michelle
525,669,45,2024-03-06 19:14:27.053984,170,West Erin
526,1485,31,2024-03-12 17:31:41.819136,299,Lindsayshire
527,1663,97,2024-08-17 09:27:12.710604,256,Rossland
528,68,25,2024-07-08 12:37:56.290105,291,West Julieton
529,1678,86,2024-02-04 05:28:33.568749,177,New Jack
530,420,47,2024-06-26 15:19:23.612599,31,Amandaside
531,507,51,2024-05-23 21:03:54.349450,130,Carolynstad
532,751,95,2024-01-14 14:52:25.349700,215,South Kimberly
533,890,52,2024-05-20 17:43:30.269597,142,Wilkersonton
534,846,19,2024-08-08 11:46:57.651104,143,Jonesbury
535,230,68,2024-06-28 03:58:14.032337,121,West Petermouth
536,19,49,2024-06-26 09:05:21.944418,233,Sullivanhaven
537,808,35,2024-03-16 21:16:33.689828,265,New Johnburgh
538,1314,16,2024-05-17 01:42:30.237909,35,Stevenland
539,523,36,2024-05-23 13:06:50.823999,252,East Wanda
540,1574,59,2024-05-03 14:49:11.505429,43,Bethanyland
541,542,49,2024-07-25 19:10:31.842431,115,West Andrea
542,190,57,2024-03-20 15:25:35.174743,94,North Courtney
543,164,76,2024-06-19 20:08:31.584330,87,North Christinafurt
544,799,43,2024-03-16 22:27:27.736819,178,Haastown
545,938,53,2024-02-21 16:45:15.914436,261,North Luischester
546,1925,1,2024-08-05 13:10:24.735914,66,West Elizabeth
547,1066,35,2024-05-12 14:03:54.805225,186,West Hollybury
548,298,95,2024-03-04 17:45:27.913058,165,Allisonmouth
549,910,57,2024-01-10 16:29:01.271016,164,Archerfurt
550,634,10,2024-04-16 03:58:56.936978,77,Jacquelineborough
551,909,34,2024-05-05 06:36:27.148997,165,Lake Petertown
552,500,53,2024-02-24 23:25:07.790531,289,Annfurt
553,727,91,2024-01-25 23:30:29.095884,98,Port Samuel
554,1589,49,2024-07-18 12:43:37.257113,203,Petersville
555,998,79,2024-07-19 20:15:20.848958,200,South Sara
556,1181,12,2024-04-07 11:11:39.037504,109,Hamiltonside
557,659,87,2024-02-17 22:02:17.528745,111,Brookeside
558,1143,97,2024-06-08 08:44:56.671894,48,West Jessica
559,1311,4,2024-04-29 17:33:32.306423,228,Carpentershire
560,1902,19,2024-05-14 10:50:21.898319,151,East Rubenville
561,1742,3,2024-06-25 06:38:20.232820,138,Lake Amanda
562,1462,68,2024-01-14 18:12:04.935622,78,Gonzalesberg
563,909,83,2024-02-22 13:43:39.142904,255,Ortegaberg
564,1822,12,2024-08-31 06:26:40.450583,191,Briantown
565,1987,19,2024-08-10 00:22:22.935249,67,Lake Jimmy
566,1743,35,2024-07-10 10:50:41.851301,232,Natalieberg
567,1754,5,2024-08-25 03:32:26.392813,299,South Elizabeth
568,1838,73,2024-02-05 19:28:55.231808,37,North Brett
569,908,1,2024-05-17 03:25:44.094000,269,East Joe
570,187,53,2024-02-16 19:43:52.651342,168,Port Jameston
571,694,89,2024-04-03 04:51:57.777773,225,North Mary
572,1760,82,2024-04-27 23:18:13.243895,162,Seanhaven
573,416,99,2024-08-01 12:29:27.138615,210,Port Julian
574,583,97,2024-04-16 00:24:41.961571,247,Ramirezberg
575,456,37,2024-02-28 04:33:02.522929,139,Mcintyrechester
576,933,93,2024-08-14 02:07:40.604314,32,Normanhaven
577,1826,68,2024-02-03 11:01:02.970811,218,Knappton
578,1439,41,2024-08-21 03:56:13.567160,213,New Timshire
579,336,90,2024-04-02 17:07:31.400990,36,Paulfurt
580,623,98,2024-07-13 06:34:18.746195,268,Port Christine
581,377,45,2024-03-01 17:19:20.976261,228,Hansonland
582,1762,4,2024-02-03 03:32:43.499811,271,New Eddietown
583,1764,81,2024-02-08 20:22:37.371017,198,Kaylabury
584,406,24,2024-06-18 14:43:37.913349,143,Zacharymouth
585,598,59,2024-08-23 00:31:18.220127,250,New Brian
586,955,12,2024-03-26 12:18:07.999971,238,Wagnerview
587,1616,6,2024-01-03 13:30:11.323377,252,West Jamesberg
588,1029,57,2024-04-10 00:45:47.804232,243,Davidborough
589,1489,2,2024-03-03 10:47:21.400134,182,North Matthew
590,1819,13,2024-01-16 18:11:47.982812,232,Scottport
591,764,10,2024-05-26 02:48:30.718970,206,Port Marytown
592,1688,65,2024-05-10 20:08:51.067855,203,Marquezhaven
593,1703,28,2024-04-02 04:33:58.368950,123,New Rachel
594,807,20,2024-07-13 20:15:21.038983,193,New Patrickborough
595,1495,37,2024-01-07 04:29:43.807461,195,Parkerside
596,904,31,2024-08-19 16:32:02.274941,37,Kristyburgh
597,1479,45,2024-05-29 21:16:29.095485,102,South Heather
598,1918,3,2024-06-08 08:05:12.688689,273,Jameschester
599,1817,70,2024-04-09 15:48:07.947840,86,Banksfurt
600,1057,9,2024-03-31 16:29:09.116015,149,South Lucasville
601,1363,23,2024-08-18 01:44:54.352172,197,Gallagherland
602,419,6,2024-03-09 09:25:19.951848,41,Gabrielport
603,250,8,2024-05-18 00:15:59.840675,141,Thomasbury
604,676,23,2024-06-30 06:23:53.240517,291,Robinsonport
605,1781,15,2024-05-20 23:37:09.447274,180,Benjaminburgh
606,871,75,2024-08-13 09:48:03.744644,69,Rodgersfurt
607,1783,98,2024-06-10 17:12:21.020164,232,Riversmouth
608,1177,59,2024-04-30 00:40:55.879749,290,Sotomouth
609,1712,75,2024-03-04 03:18:27.662729,112,Rogerstown
610,1569,5,2024-03-19 14:52:31.206912,110,Wrightport
611,122,94,2024-01-19 19:11:34.392169,102,West Scottville
612,689,93,2024-07-25 01:38:21.025172,103,Boothborough
613,1429,25,2024-03-10 23:34:28.784348,188,Ramosberg
614,1922,33,2024-06-22 10:45:32.320615,71,Brittanyside
615,1761,39,2024-03-12 18:18:28.719245,145,Lake Justin
616,1679,20,2024-04-16 00:33:15.980732,176,Lake Williamland
617,997,73,2024-03-13 19:19:17.676527,195,West Kelly
618,1086,99,2024-05-04 03:06:20.523602,245,Mariabury
619,177,35,2024-02-20 02:03:32.206828,111,Johnsonland
620,287,25,2024-04-22 22:20:50.064147,96,North Kimberly
621,1964,94,2024-03-15 19:37:52.556440,58,Curtiston
622,887,11,2024-06-30 08:27:36.650127,196,Smithmouth
623,751,40,2024-04-18 13:17:33.310929,206,West Danieltown
624,629,82,2024-01-31 17:11:42.650928,262,Port Karenbury
625,934,95,2024-08-04 23:21:29.179469,149,Dawsonberg
626,372,20,2024-02-15 00:59:01.494318,116,South Andrewtown
627,1638,91,2024-01-22 15:51:28.791728,53,New Alejandroburgh
628,1111,25,2024-04-29 00:56:32.282585,74,West Christophermouth
629,532,48,2024-01-17 22:58:02.823658,282,Codyville
630,1936,48,2024-03-10 04:32:29.475486,34,Gillland
631,1362,92,2024-02-29 19:41:37.131018,38,Snowborough
632,794,95,2024-04-09 02:22:24.569916,199,Lake Bryce
633,141,26,2024-01-19 00:58:40.579377,38,Garciaport
634,1450,61,2024-08-18 09:57:29.564307,248,South John
635,1469,31,2024-06-15 08:16:38.747491,140,North Scott
636,1639,38,2024-05-22 12:33:57.809406,228,Allisonhaven
637,672,61,2024-07-27 18:00:54.945645,256,Josephville
638,482,48,2024-05-26 21:09:55.187359,94,Johnsonmouth
639,686,47,2024-04-02 17:57:23.330030,161,Jimenezberg
640,6,39,2024-07-23 13:18:14.431727,251,New Stacychester
641,1624,10,2024-07-30 08:34:57.269659,155,Heathertown
642,394,67,2024-08-12 18:51:18.788358,147,New Saraburgh
643,1663,52,2024-02-09 03:15:53.493833,180,Virginiafort
644,1227,37,2024-06-21 06:30:17.849389,139,Jeremyborough
645,592,19,2024-01-01 20:52:23.955134,278,Port Alexisview
646,301,10,2024-04-28 10:06:52.187497,130,West Kennethborough
647,424,37,2024-01-26 01:41:53.726512,95,East Carrie
648,1093,22,2024-07-11 09:02:15.942884,236,South Jennifer
649,1676,78,2024-02-01 22:20:15.357889,126,Lake Patricia
650,243,72,2024-03-03 03:56:06.920014,94,Ericport
651,1906,2,2024-03-22 18:38:15.745112,35,Michaelshire
652,406,81,2024-01-20 18:40:07.045384,199,Lake Taraborough
653,866,39,2024-02-20 10:46:38.045759,36,Carpenterstad
654,1964,100,2024-05-26 01:52:03.429862,128,Karimouth
655,920,5,2024-07-21 01:27:49.164111,227,Stacyville
656,341,49,2024-06-12 16:33:37.962520,81,Briannaburgh
657,1123,29,2024-02-14 14:51:20.662190,182,South Katelynhaven
658,853,19,2024-08-16 06:17:39.614869,218,Port Shawn
659,1164,85,2024-06-19 10:13:00.234428,279,North Jennifer
660,273,15,2024-05-03 02:50:18.130986,31,Victorchester
661,448,74,2024-03-20 23:44:52.819154,30,East John
662,1314,38,2024-05-18 06:04:27.336628,80,New Patricia
663,990,94,2024-05-23 11:09:33.893430,166,Powellfurt
664,927,9,2024-01-30 12:52:40.738977,134,Dianafurt
665,285,49,2024-06-18 18:52:53.494216,64,South Samuelmouth
666,432,2,2024-04-02 03:37:14.000849,182,Jayfurt
667,481,2,2024-08-24 15:06:59.134911,145,Lake Stephaniemouth
668,984,32,2024-01-13 17:55:36.854016,300,Brucefurt
669,814,60,2024-03-20 04:39:16.090510,127,New Nicholas
670,318,42,2024-08-01 01:11:33.704351,138,Port Devinborough
671,1557,88,2024-08-29 14:07:45.896123,127,Lewisshire
672,119,25,2024-04-19 08:31:33.046305,117,Shafferfurt
673,1284,42,2024-02-20 14:25:51.541422,162,Sullivanside
674,1764,43,2024-06-24 23:13:38.211897,294,Barryburgh
675,941,58,2024-06-20 11:38:28.763516,61,South John
676,173,37,2024-01-12 03:02:18.842570,101,Johnsonstad
677,1969,83,2024-08-29 15:03:06.965114,294,South Alexisfurt
678,1306,68,2024-01-22 18:01:33.653678,234,New Devin
679,1134,68,2024-04-27 10:26:08.267233,215,Port Fernandoberg
680,1376,9,2024-07-17 22:10:00.449376,126,Olsonfurt
681,522,7,2024-01-12 15:26:08.436427,52,East Deanmouth
682,1859,23,2024-08-24 16:14:51.883345,181,Bauerfort
683,516,21,2024-03-19 15:39:26.221059,92,New Andrea
684,1516,87,2024-01-09 03:57:50.969000,243,Port Lisaborough
685,1442,89,2024-08-15 01:30:40.566669,241,Port Denise
686,297,84,2024-04-25 01:12:06.551099,150,Yeseniashire
687,153,93,2024-01-02 19:09:35.250496,158,Keithland
688,218,75,2024-01-22 17:06:07.944170,165,East Amanda
689,1403,96,2024-03-29 17:39:19.461374,127,Morganstad
690,840,18,2024-04-18 02:48:01.333163,96,Marctown
691,151,62,2024-05-17 16:07:49.452520,245,Trevinoberg
692,813,16,2024-02-03 18:43:32.047985,65,Petersonchester
693,1922,84,2024-05-23 10:50:45.727440,101,Tracyview
694,900,93,2024-06-20 18:24:10.550013,45,Kerrshire
695,982,48,2024-07-15 10:36:58.204863,101,Lake Gregory
696,1113,67,2024-07-17 18:12:19.680072,285,West Victoriaview
697,1352,2,2024-01-26 23:48:01.962271,102,Kanemouth
698,1068,70,2024-01-30 15:29:19.709603,44,Maloneside
699,1763,87,2024-07-25 14:21:57.807809,190,West Larry
700,954,52,2024-04-24 04:41:06.665906,32,North Patrick
701,66,67,2024-04-30 17:49:24.435089,242,West Karen
702,24,58,2024-08-03 12:45:17.665305,65,Lake John
703,1007,33,2024-07-07 19:02:07.255664,81,Kirkton
704,1170,97,2024-06-16 19:10:45.257397,213,New Emilyland
705,1335,7,2024-01-30 20:07:42.230265,239,Harrishaven
706,44,27,2024-03-31 15:22:57.885040,227,North Paulbury
707,1415,98,2024-05-30 18:59:53.958941,57,South Benjaminton
708,1451,16,2024-06-25 10:57:17.021353,201,Lewisstad
709,1117,23,2024-06-28 04:48:25.364560,235,New Robertport
710,780,93,2024-04-15 07:27:00.562083,126,Grayville
711,189,84,2024-08-18 10:03:03.021387,68,North Tracytown
712,98,29,2024-05-06 11:26:03.282262,141,West Jason
713,179,6,2024-07-26 14:38:51.138352,268,West Joshuaborough
714,230,73,2024-05-28 09:18:54.437011,189,West Sarahmouth
715,1410,39,2024-08-27 01:16:22.986239,96,East Richardborough
716,285,63,2024-08-10 13:40:13.894029,266,North Sharonfort
717,156,84,2024-08-11 05:24:02.589902,52,North Haroldburgh
718,1662,2,2024-08-04 12:56:44.913033,173,Thorntonview
719,837,88,2024-08-12 02:43:36.677313,46,West Marcusfort
720,147,3,2024-05-07 03:46:19.201433,248,Davidchester
721,1606,22,2024-04-06 10:35:16.296699,191,Acostaview
722,652,25,2024-07-05 13:15:24.479971,184,East Noahside
723,1989,46,2024-02-15 04:58:34.431080,241,East Timothybury
724,1071,47,2024-01-14 22:55:27.551929,141,South Jenniferberg
725,1225,60,2024-03-05 07:21:14.630993,270,North Johnburgh
726,781,63,2024-05-09 15:20:26.396560,95,Matthewview
727,1344,85,2024-05-19 15:07:10.732132,67,Smithmouth
728,471,70,2024-06-14 12:07:39.869677,41,Amyview
729,55,77,2024-07-30 16:10:25.739906,169,North Taraville
730,972,48,2024-05-20 21:00:05.081110,299,New Shannonhaven
731,572,8,2024-03-09 17:07:28.636962,89,New Jeffrey
732,1514,75,2024-08-19 12:17:19.078294,296,Port Karenberg
733,969,33,2024-02-10 09:48:04.997608,47,West Andrewfort
734,82,58,2024-08-09 23:08:00.169838,113,West Brittany
735,1666,37,2024-06-26 12:22:41.044947,226,Lake Mallory
736,1709,84,2024-06-21 01:37:37.002609,169,Clarkland
737,546,7,2024-04-03 05:56:16.677614,219,Shawnchester
738,154,71,2024-03-14 12:27:58.612053,131,Christianmouth
739,1308,86,2024-08-15 03:23:36.493647,216,Armstrongview
740,1646,84,2024-08-27 19:54:20.841436,269,Joeshire
741,703,84,2024-02-24 17:06:46.668035,180,Lake Daniel
742,963,29,2024-03-20 09:53:20.074893,276,Saunderschester
743,1473,41,2024-01-24 13:32:27.489603,88,Brownport
744,923,39,2024-07-20 21:19:24.543265,196,Scotthaven
745,1243,30,2024-08-22 03:50:13.588489,239,Castilloborough
746,1981,61,2024-04-29 04:57:59.260820,186,Everettchester
747,1096,86,2024-04-02 14:35:11.135860,126,Gomezhaven
748,1574,62,2024-01-25 00:32:12.433394,252,Mejiaberg
749,1482,20,2024-04-12 11:45:16.830557,141,Jamestown
750,883,10,2024-01-27 12:52:45.517159,73,Rochaborough
751,1427,88,2024-07-16 15:55:17.274492,40,Wagnerbury
752,103,80,2024-05-26 12:46:46.698679,53,Joseside
753,1561,87,2024-04-12 08:28:22.828834,184,Port Elizabethborough
754,1236,100,2024-08-15 12:42:09.805087,249,West David
755,879,75,2024-07-11 07:04:21.270669,114,Melanieville
756,1362,26,2024-06-19 13:51:08.870802,58,Travismouth
757,1968,27,2024-03-14 02:31:30.935508,75,Curtisport
758,1102,34,2024-05-05 09:13:00.322744,221,Wongfurt
759,1057,81,2024-01-01 08:07:57.414196,33,Darleneton
760,742,10,2024-06-25 17:28:37.488995,288,Jacobville
761,574,38,2024-02-17 14:10:20.458271,178,Jamestown
762,905,34,2024-01-26 18:14:22.115795,45,Patrickmouth
763,996,20,2024-05-26 00:35:42.469767,230,Bateschester
764,1058,84,2024-03-08 20:33:59.496806,252,North Maryberg
765,1540,80,2024-08-06 20:11:56.267128,269,Cisnerostown
766,613,62,2024-06-12 06:54:00.642236,77,West Amber
767,113,64,2024-02-13 09:50:38.678632,221,East Michelleburgh
768,1668,41,2024-01-29 11:33:25.113713,120,Emilyfort
769,802,81,2024-03-15 13:00:45.532679,148,North Felicia
770,284,17,2024-08-16 11:46:19.999444,192,Hickmanhaven
771,465,72,2024-06-28 15:38:58.310709,285,Lake Phillip
772,88,92,2024-07-25 05:14:50.654382,118,Dianechester
773,1871,88,2024-05-01 10:48:28.313226,45,Gailville
774,508,18,2024-05-08 20:05:42.215145,229,East Beverly
775,849,99,2024-06-02 03:34:37.079527,147,New Michael
776,1157,92,2024-02-16 22:29:35.078094,122,Lauraberg
777,327,70,2024-09-02 05:54:59.763499,152,Fisherchester
778,1,69,2024-01-27 04:06:29.235936,227,Karenside
779,1690,78,2024-05-19 15:51:17.100736,193,Patriciaborough
780,524,44,2024-08-20 14:17:26.317249,289,Alexchester
781,1971,71,2024-01-20 00:17:20.704552,205,Angelafurt
782,630,39,2024-04-23 20:17:34.953626,231,West Bethport
783,16,7,2024-06-06 12:17:34.455384,84,South Rachelberg
784,1324,90,2024-04-07 19:34:26.863984,184,Angelicaborough
785,1473,85,2024-03-19 23:04:27.148874,39,West Christy
786,1526,80,2024-06-20 21:49:26.909930,239,Munozton
787,1445,83,2024-08-26 21:24:21.187612,262,Ortizborough
788,977,41,2024-06-04 18:45:34.361258,259,Kevinview
789,1081,70,2024-07-03 04:18:00.607620,162,North Chloeton
790,1308,30,2024-05-02 09:39:13.472504,101,Marcusberg
791,67,20,2024-07-28 04:41:04.713003,251,Melissaburgh
792,1161,59,2024-08-26 08:30:40.567676,292,Port Robertberg
793,440,65,2024-02-25 02:11:21.799041,218,South Melissaville
794,1122,4,2024-02-20 07:02:56.051972,87,Traciburgh
795,849,91,2024-01-20 14:22:08.055627,205,Ryanside
796,18,70,2024-05-19 17:36:51.007709,69,Bakerland
797,844,20,2024-05-16 12:24:53.959853,60,Smithberg
798,1601,65,2024-01-25 22:56:51.931782,113,North Amandaberg
799,756,68,2024-03-22 05:09:47.207248,92,Brentfort
800,1886,18,2024-06-03 09:01:24.400743,101,Schwartzfurt
801,1679,15,2024-06-04 20:50:07.240447,165,Reidmouth
802,667,72,2024-07-15 01:38:54.289905,86,South Evanshire
803,1751,3,2024-01-10 01:39:12.467463,268,Mitchellberg
804,322,44,2024-01-01 09:11:25.398922,240,East John
805,133,74,2024-02-12 10:36:15.251907,269,Rodneyberg
806,1880,35,2024-02-02 04:57:27.669666,139,Williamfort
807,92,66,2024-01-19 00:06:14.568601,54,Vaughnshire
808,741,45,2024-02-15 03:54:43.329411,43,Port Karen
809,1202,90,2024-06-04 01:03:27.140499,144,Port Christian
810,818,44,2024-01-02 22:34:37.580078,191,Jonesport
811,415,81,2024-08-06 20:56:25.249135,245,Lake Mikaylaberg
812,1334,87,2024-07-23 02:11:24.076970,296,Jamesside
813,745,71,2024-08-13 19:44:02.172144,178,New Judith
814,1942,60,2024-08-19 15:17:07.189744,189,Andersonshire
815,731,87,2024-04-23 19:35:12.530665,220,Jasonbury
816,809,48,2024-05-26 15:22:25.721292,77,West Jamesfort
817,1060,87,2024-05-29 22:35:19.604460,276,New Chelseachester
818,233,57,2024-04-15 16:47:17.605620,138,Richardshire
819,1506,30,2024-03-05 10:31:48.663402,226,East Jason
820,1605,61,2024-05-28 15:19:20.589756,52,New Annchester
821,607,64,2024-01-18 02:22:35.030075,90,Lopezville
822,192,48,2024-03-21 13:25:20.863142,279,New Brittanystad
823,434,78,2024-04-19 17:56:16.305750,104,Williamsonshire
824,470,21,2024-04-27 22:40:55.485966,232,Hartmanborough
825,828,39,2024-05-06 02:09:09.887447,145,Wattsport
826,1855,94,2024-03-28 00:38:39.214119,49,North Virginiafurt
827,606,59,2024-01-24 19:03:48.745738,49,Barkertown
828,1363,30,2024-06-24 11:27:39.584948,272,New Keith
829,448,10,2024-08-13 00:47:04.507105,201,Alishaside
830,738,82,2024-04-18 23:41:00.391139,173,Medinachester
831,1894,17,2024-05-29 11:54:00.212995,129,Port Nataliefurt
832,584,27,2024-08-28 18:24:15.063502,262,Port Susan
833,187,34,2024-05-21 07:30:10.669948,191,Ballardmouth
834,369,47,2024-05-30 14:24:54.288634,132,Port Samuelfurt
835,1102,53,2024-01-23 08:10:36.622699,58,Nicolemouth
836,1110,60,2024-05-30 08:48:19.595341,262,Taratown
837,1440,92,2024-07-06 06:52:03.328698,168,South Jamesberg
838,1310,53,2024-03-05 19:00:08.500214,221,Jamestown
839,452,80,2024-02-18 02:15:56.258989,100,South Kelli
840,1864,92,2024-01-10 21:32:10.492504,282,Christopherfort
841,667,85,2024-03-07 19:11:51.448555,297,North Brianberg
842,1203,33,2024-06-05 06:48:00.901997,237,West Michael
843,905,15,2024-07-13 10:20:24.233881,173,Walshton
844,1813,5,2024-08-21 03:17:42.604474,67,Kathleenmouth
845,298,60,2024-02-18 06:42:04.937714,90,Davidport
846,1746,47,2024-06-14 14:14:48.436351,230,Hicksmouth
847,154,10,2024-01-26 18:10:05.750617,266,Johnsonfort
848,1498,54,2024-07-06 01:24:34.374066,53,West Craig
849,1719,96,2024-05-23 14:56:42.896057,48,West Lonnie
850,1651,49,2024-03-07 22:58:19.173573,50,Amychester
851,1881,18,2024-03-20 06:06:42.494533,37,Port Paulahaven
852,248,23,2024-08-29 07:06:55.149381,253,West Shawnburgh
853,313,53,2024-01-20 09:02:43.275004,59,Christopherberg
854,1964,62,2024-07-30 22:18:04.736376,143,North Sandrahaven
855,129,49,2024-01-30 13:37:40.567553,293,Jackfort
856,1282,37,2024-02-19 15:34:29.263187,127,Kristyburgh
857,1279,58,2024-03-20 22:29:14.353999,300,West Brianna
858,1125,37,2024-02-05 01:45:21.677023,51,Jenniferside
859,582,19,2024-03-02 07:39:51.835190,224,Lake David
860,1356,11,2024-07-16 21:30:09.928036,265,North Williamchester
861,1414,17,2024-03-28 09:23:20.868401,91,Candaceburgh
862,1107,89,2024-07-28 03:21:52.764513,139,Cindychester
863,28,4,2024-04-23 19:54:41.317850,194,Morganside
864,865,51,2024-07-14 15:04:23.860961,98,Stanleyfort
865,152,4,2024-04-08 05:39:12.721252,232,Vanessamouth
866,953,4,2024-01-09 09:22:41.526700,175,Fuentesport
867,104,62,2024-01-16 04:52:59.778752,146,West Susan
868,1141,75,2024-04-12 04:55:20.858747,35,Bartonmouth
869,1342,14,2024-03-17 04:35:23.854300,228,Ashleyhaven
870,982,31,2024-06-06 02:58:30.550569,134,Wendyhaven
871,657,7,2024-01-07 10:44:35.351227,127,West Kaitlin
872,368,28,2024-04-08 04:35:42.289798,288,Kylehaven
873,62,33,2024-05-03 18:51:34.240190,208,East Olivia
874,999,46,2024-01-05 23:25:24.782715,91,North Nicholasborough
875,1528,74,2024-04-23 22:23:17.756030,297,Patrickmouth
876,1980,89,2024-03-12 06:20:25.105016,245,Jaybury
877,127,90,2024-03-13 08:29:15.941510,269,Lake Sabrinatown
878,586,91,2024-04-06 16:52:56.243907,195,North Thomasfurt
879,537,88,2024-07-31 02:28:08.188991,60,South Monica
880,63,50,2024-05-10 17:57:40.582538,45,Lake Pamelaberg
881,1734,29,2024-02-02 13:33:34.826409,286,Andrewsberg
882,1119,10,2024-02-27 12:25:15.252001,167,Richardville
883,1687,80,2024-01-06 07:56:21.268888,36,East Angelaburgh
884,1771,10,2024-07-25 22:35:34.817359,93,East Dale
885,1695,37,2024-05-24 11:41:23.696493,180,North Stephenfurt
886,1348,60,2024-08-23 02:19:18.095498,168,West Peter
887,489,22,2024-05-06 09:15:21.724251,110,Port Lukeberg
888,1235,85,2024-01-24 04:45:56.842134,171,Lake Samantha
889,1277,91,2024-03-05 00:18:28.004242,69,Williamton
890,1643,68,2024-08-04 12:51:47.746080,236,Waltershire
891,794,85,2024-04-08 18:25:24.183544,291,North Paul
892,1653,59,2024-05-29 12:07:34.457732,143,Lopezhaven
893,1838,79,2024-02-05 15:13:00.163214,181,West Marciahaven
894,1315,42,2024-04-13 12:52:52.116735,136,West Prestonberg
895,1928,24,2024-08-19 08:00:47.046397,241,Lake Briantown
896,1820,58,2024-08-24 21:44:12.178694,202,East Andres
897,672,4,2024-08-22 00:39:55.301360,135,Michelestad
898,1931,31,2024-05-21 22:50:09.663377,140,Rodriguezmouth
899,367,70,2024-03-06 00:54:30.181581,115,West Karenmouth
900,731,71,2024-04-21 23:27:06.465587,105,Aaronport
901,739,29,2024-06-21 20:56:03.072559,297,New Nathan
902,865,89,2024-05-22 05:19:37.475986,187,New Marcusshire
903,1744,84,2024-04-20 08:16:11.863681,247,Lake Donna
904,1489,65,2024-04-25 17:33:40.385470,193,New Christinashire
905,953,9,2024-05-30 12:25:42.391887,67,Lisachester
906,1516,10,2024-05-31 04:10:17.369879,88,Port Robinport
907,1563,52,2024-06-09 04:17:45.175910,62,Zoebury
908,1451,39,2024-08-13 03:28:08.929620,40,Ayersmouth
909,1525,13,2024-02-21 04:38:55.401158,274,Roblesland
910,814,14,2024-08-28 06:25:28.040745,138,Port Adrianhaven
911,1997,60,2024-04-14 08:13:39.232677,123,Michaelfort
912,214,47,2024-08-12 11:06:47.921530,243,Port Cindy
913,3,94,2024-03-19 16:09:18.715356,258,Alexisbury
914,1012,31,2024-07-14 06:23:10.280012,173,Lake David
915,939,61,2024-07-09 11:21:42.062723,89,Millermouth
916,1504,44,2024-07-03 08:31:18.303530,35,Jimmystad
917,736,44,2024-02-22 17:02:45.127854,296,Owensville
918,1511,95,2024-08-04 22:17:07.923729,35,West Michael
919,807,65,2024-05-03 21:23:20.229450,117,Port Chadville
920,646,98,2024-05-24 16:25:09.757539,182,Port Deborah
921,1733,76,2024-01-05 22:13:16.947469,162,North Sergio
922,1899,54,2024-06-11 17:50:24.791077,97,Pamelaton
923,597,73,2024-06-27 09:25:06.225537,42,Lake Christinaton
924,1135,97,2024-04-18 18:00:57.599565,288,West Stacyport
925,1219,48,2024-06-17 19:06:34.627403,173,Ericmouth
926,1445,3,2024-01-31 06:47:11.240100,55,Bradshawbury
927,1873,8,2024-06-30 07:03:06.051361,58,New Stevenport
928,446,83,2024-01-12 16:33:17.339220,131,Jamiechester
929,339,7,2024-03-17 19:02:25.487157,217,Pattersonborough
930,480,4,2024-07-05 03:20:39.408379,183,South Davidchester
931,195,23,2024-01-25 01:37:52.702544,122,Careyborough
932,734,91,2024-03-04 17:55:02.058152,47,Mathewborough
933,1735,83,2024-02-09 20:47:18.474934,88,Port Ashlee
934,1757,75,2024-08-07 22:13:29.391685,272,South Michael
935,1132,94,2024-07-04 17:48:28.996544,145,Erinburgh
936,563,49,2024-05-25 10:34:58.679718,137,North Douglas
937,385,1,2024-08-27 16:01:26.116972,225,Anthonychester
938,22,81,2024-08-11 01:38:47.138554,129,Lloydside
939,196,76,2024-03-26 11:04:01.863875,206,Lake Aaron
940,279,40,2024-04-09 14:18:01.569592,111,Codyborough
941,346,60,2024-08-18 19:44:56.447890,270,Merrittchester
942,508,33,2024-05-30 17:36:21.972765,67,South Isaac
943,406,41,2024-06-22 16:13:16.178953,260,North Cherylmouth
944,332,52,2024-07-09 17:17:24.766914,67,West Brandimouth
945,1583,70,2024-06-11 00:51:09.693135,180,Rochastad
946,291,59,2024-01-20 21:49:21.690229,74,New Ann
947,1101,36,2024-07-07 04:05:52.616564,276,Ingramburgh
948,206,54,2024-05-05 22:39:45.208574,243,West Geraldburgh
949,451,42,2024-08-22 20:30:23.077706,31,Stephaniefurt
950,1384,78,2024-08-01 15:52:31.361881,169,Taylorside
951,1787,88,2024-08-10 07:45:20.771666,134,New Danahaven
952,446,30,2024-05-26 11:07:19.985643,225,West Stanley
953,562,67,2024-02-13 13:59:41.315197,260,East Danny
954,1014,45,2024-04-01 17:46:35.892151,71,Lake Allison
955,1409,89,2024-08-28 17:13:21.777116,181,Guzmanland
956,1736,80,2024-08-28 14:51:29.448594,173,South Matthew
957,727,80,2024-08-05 17:58:31.434830,89,Nealfurt
958,1782,53,2024-07-24 04:44:09.737383,30,Calhounstad
959,1040,43,2024-05-20 06:39:08.631479,103,Lake Natasha
960,1595,58,2024-04-02 10:49:18.726015,242,Dianeview
961,777,54,2024-07-21 22:44:46.193241,155,Donaldborough
962,1282,45,2024-05-12 07:45:30.631574,213,New Kevinmouth
963,964,35,2024-05-10 13:15:08.851008,187,West Andreafurt
964,1330,69,2024-07-29 13:15:56.984236,279,Angelaport
965,1705,8,2024-01-14 01:09:13.456849,58,North Curtis
966,593,7,2024-04-10 09:30:46.638953,51,Espinozaton
967,563,60,2024-07-04 20:56:09.748177,156,North Tarafurt
968,1564,81,2024-04-03 12:15:25.451527,30,East Larry
969,487,45,2024-02-29 01:22:51.110618,215,West Elijah
970,1522,33,2024-03-25 06:59:04.400923,228,Martinchester
971,1110,80,2024-08-13 20:39:19.541830,44,North Derrickfort
972,1957,5,2024-06-29 21:10:31.444488,236,Allenberg
973,1160,94,2024-05-17 08:38:20.947161,189,Lake Johnny
974,1893,8,2024-08-01 02:24:26.458268,174,North Ginatown
975,781,87,2024-05-28 09:40:40.574589,49,Paulberg
976,1699,82,2024-08-29 06:33:24.723026,295,Port Russell
977,96,94,2024-01-22 20:07:28.390368,43,Heidiberg
978,1464,33,2024-05-07 22:53:11.528050,79,New Frank
979,1979,68,2024-03-08 00:55:01.232284,140,Pamelatown
980,470,26,2024-06-22 03:47:53.485619,199,East Madison
981,1673,87,2024-07-18 05:12:00.352447,290,Soniashire
982,113,69,2024-07-12 16:23:13.018747,89,Port Jennifer
983,1367,13,2024-01-14 00:03:39.207837,206,East Maria
984,1837,50,2024-01-12 05:14:58.862033,192,West Alyssamouth
985,125,37,2024-05-28 04:40:49.037783,177,Wrightborough
986,1604,36,2024-03-19 07:04:08.943667,154,New Carolyn
987,1466,70,2024-01-06 08:55:13.565514,263,West Heatherland
988,1292,72,2024-02-01 22:18:16.483926,196,Murraystad
989,1288,28,2024-01-01 22:45:04.365484,123,Julieborough
990,1352,98,2024-01-19 00:48:16.865001,241,Powersside
991,1808,81,2024-04-10 20:15:55.497839,177,Dylantown
992,1710,25,2024-07-01 08:40:01.411521,175,Davidburgh
993,720,41,2024-05-27 11:58:03.622543,211,Burnettton
994,1026,88,2024-01-16 23:33:44.350916,137,Gomezmouth
995,1687,11,2024-07-31 23:42:03.892722,210,Patriciaville
996,1764,75,2024-02-25 21:16:23.092918,74,Christopherland
997,892,81,2024-02-02 13:03:30.832165,198,New Geraldburgh
998,1779,85,2024-02-16 17:17:33.300907,284,Jacquelinemouth
999,1693,95,2024-01-04 15:08:45.782809,120,Riveraville
1000,712,7,2024-04-26 21:45:02.421588,219,New Adam
